Subset,Score,Default Train Time,Opt Train Time,Opt Train Time Total,Data Distill Time,Inference Time,Dataset,Classifier,N,Data Parse Mode,Post Data Parse Mode,Data Mode,Distill Method,Encoder,Distill Space,Output Space,Convert Binary,Cluster Center,Short Name
Train,1.0,-1,0,0,0.0025284290313720703,-1,LawSchoolAdmissions,LogisticRegression,10,mixed,mixed,Mixed -> Random Sample -> Mixed,Random Sample,N/A,N/A,original,False,centroid,Mixed -> RS -> Mixed
Train - Original,0.8741215067425316,-1,0,0,0.0025284290313720703,-1,LawSchoolAdmissions,LogisticRegression,10,mixed,mixed,Mixed -> Random Sample -> Mixed,Random Sample,N/A,N/A,original,False,centroid,Mixed -> RS -> Mixed
Val,0.8767011349686321,-1,0,0,0.0025284290313720703,-1,LawSchoolAdmissions,LogisticRegression,10,mixed,mixed,Mixed -> Random Sample -> Mixed,Random Sample,N/A,N/A,original,False,centroid,Mixed -> RS -> Mixed
Test,0.8702270313829747,-1,0,0,0.0025284290313720703,-1,LawSchoolAdmissions,LogisticRegression,10,mixed,mixed,Mixed -> Random Sample -> Mixed,Random Sample,N/A,N/A,original,False,centroid,Mixed -> RS -> Mixed
Train,1.0,-1,0,0,0.0021827220916748047,-1,LawSchoolAdmissions,LogisticRegression,10,mixed,mixed,Mixed -> Random Sample -> Mixed,Random Sample,N/A,N/A,original,False,centroid,Mixed -> RS -> Mixed
Train - Original,0.9200842696507796,-1,0,0,0.0021827220916748047,-1,LawSchoolAdmissions,LogisticRegression,10,mixed,mixed,Mixed -> Random Sample -> Mixed,Random Sample,N/A,N/A,original,False,centroid,Mixed -> RS -> Mixed
Val,0.9170906167390929,-1,0,0,0.0021827220916748047,-1,LawSchoolAdmissions,LogisticRegression,10,mixed,mixed,Mixed -> Random Sample -> Mixed,Random Sample,N/A,N/A,original,False,centroid,Mixed -> RS -> Mixed
Test,0.9211255168362467,-1,0,0,0.0021827220916748047,-1,LawSchoolAdmissions,LogisticRegression,10,mixed,mixed,Mixed -> Random Sample -> Mixed,Random Sample,N/A,N/A,original,False,centroid,Mixed -> RS -> Mixed
Train,1.0,-1,0,0,0.002132892608642578,-1,LawSchoolAdmissions,LogisticRegression,10,mixed,mixed,Mixed -> Random Sample -> Mixed,Random Sample,N/A,N/A,original,False,centroid,Mixed -> RS -> Mixed
Train - Original,0.8736477611935137,-1,0,0,0.002132892608642578,-1,LawSchoolAdmissions,LogisticRegression,10,mixed,mixed,Mixed -> Random Sample -> Mixed,Random Sample,N/A,N/A,original,False,centroid,Mixed -> RS -> Mixed
Val,0.8653382688527553,-1,0,0,0.002132892608642578,-1,LawSchoolAdmissions,LogisticRegression,10,mixed,mixed,Mixed -> Random Sample -> Mixed,Random Sample,N/A,N/A,original,False,centroid,Mixed -> RS -> Mixed
Test,0.8653128506766883,-1,0,0,0.002132892608642578,-1,LawSchoolAdmissions,LogisticRegression,10,mixed,mixed,Mixed -> Random Sample -> Mixed,Random Sample,N/A,N/A,original,False,centroid,Mixed -> RS -> Mixed
Train,1.0,-1,0,0,0.0020172595977783203,-1,LawSchoolAdmissions,LogisticRegression,10,mixed,mixed,Mixed -> Random Sample -> Mixed,Random Sample,N/A,N/A,original,False,centroid,Mixed -> RS -> Mixed
Train - Original,0.8131247789583667,-1,0,0,0.0020172595977783203,-1,LawSchoolAdmissions,LogisticRegression,10,mixed,mixed,Mixed -> Random Sample -> Mixed,Random Sample,N/A,N/A,original,False,centroid,Mixed -> RS -> Mixed
Val,0.8097750773842249,-1,0,0,0.0020172595977783203,-1,LawSchoolAdmissions,LogisticRegression,10,mixed,mixed,Mixed -> Random Sample -> Mixed,Random Sample,N/A,N/A,original,False,centroid,Mixed -> RS -> Mixed
Test,0.81299942008902,-1,0,0,0.0020172595977783203,-1,LawSchoolAdmissions,LogisticRegression,10,mixed,mixed,Mixed -> Random Sample -> Mixed,Random Sample,N/A,N/A,original,False,centroid,Mixed -> RS -> Mixed
Train,1.0,-1,0,0,0.0020475387573242188,-1,LawSchoolAdmissions,LogisticRegression,10,mixed,mixed,Mixed -> Random Sample -> Mixed,Random Sample,N/A,N/A,original,False,centroid,Mixed -> RS -> Mixed
Train - Original,0.8266432551644533,-1,0,0,0.0020475387573242188,-1,LawSchoolAdmissions,LogisticRegression,10,mixed,mixed,Mixed -> Random Sample -> Mixed,Random Sample,N/A,N/A,original,False,centroid,Mixed -> RS -> Mixed
Val,0.8298046001250198,-1,0,0,0.0020475387573242188,-1,LawSchoolAdmissions,LogisticRegression,10,mixed,mixed,Mixed -> Random Sample -> Mixed,Random Sample,N/A,N/A,original,False,centroid,Mixed -> RS -> Mixed
Test,0.8342942031495943,-1,0,0,0.0020475387573242188,-1,LawSchoolAdmissions,LogisticRegression,10,mixed,mixed,Mixed -> Random Sample -> Mixed,Random Sample,N/A,N/A,original,False,centroid,Mixed -> RS -> Mixed
Train,1.0,-1,0,0,0.002093791961669922,-1,LawSchoolAdmissions,LogisticRegression,20,mixed,mixed,Mixed -> Random Sample -> Mixed,Random Sample,N/A,N/A,original,False,centroid,Mixed -> RS -> Mixed
Train - Original,0.9366772939550501,-1,0,0,0.002093791961669922,-1,LawSchoolAdmissions,LogisticRegression,20,mixed,mixed,Mixed -> Random Sample -> Mixed,Random Sample,N/A,N/A,original,False,centroid,Mixed -> RS -> Mixed
Val,0.9328461202449183,-1,0,0,0.002093791961669922,-1,LawSchoolAdmissions,LogisticRegression,20,mixed,mixed,Mixed -> Random Sample -> Mixed,Random Sample,N/A,N/A,original,False,centroid,Mixed -> RS -> Mixed
Test,0.9356891903087085,-1,0,0,0.002093791961669922,-1,LawSchoolAdmissions,LogisticRegression,20,mixed,mixed,Mixed -> Random Sample -> Mixed,Random Sample,N/A,N/A,original,False,centroid,Mixed -> RS -> Mixed
Train,1.0,-1,0,0,0.0024080276489257812,-1,LawSchoolAdmissions,LogisticRegression,20,mixed,mixed,Mixed -> Random Sample -> Mixed,Random Sample,N/A,N/A,original,False,centroid,Mixed -> RS -> Mixed
Train - Original,0.9127471786853232,-1,0,0,0.0024080276489257812,-1,LawSchoolAdmissions,LogisticRegression,20,mixed,mixed,Mixed -> Random Sample -> Mixed,Random Sample,N/A,N/A,original,False,centroid,Mixed -> RS -> Mixed
Val,0.9142729648513697,-1,0,0,0.0024080276489257812,-1,LawSchoolAdmissions,LogisticRegression,20,mixed,mixed,Mixed -> Random Sample -> Mixed,Random Sample,N/A,N/A,original,False,centroid,Mixed -> RS -> Mixed
Test,0.9051996174093795,-1,0,0,0.0024080276489257812,-1,LawSchoolAdmissions,LogisticRegression,20,mixed,mixed,Mixed -> Random Sample -> Mixed,Random Sample,N/A,N/A,original,False,centroid,Mixed -> RS -> Mixed
Train,1.0,-1,0,0,0.0021810531616210938,-1,LawSchoolAdmissions,LogisticRegression,20,mixed,mixed,Mixed -> Random Sample -> Mixed,Random Sample,N/A,N/A,original,False,centroid,Mixed -> RS -> Mixed
Train - Original,0.9171510671680416,-1,0,0,0.0021810531616210938,-1,LawSchoolAdmissions,LogisticRegression,20,mixed,mixed,Mixed -> Random Sample -> Mixed,Random Sample,N/A,N/A,original,False,centroid,Mixed -> RS -> Mixed
Val,0.9106033333584377,-1,0,0,0.0021810531616210938,-1,LawSchoolAdmissions,LogisticRegression,20,mixed,mixed,Mixed -> Random Sample -> Mixed,Random Sample,N/A,N/A,original,False,centroid,Mixed -> RS -> Mixed
Test,0.911632298782187,-1,0,0,0.0021810531616210938,-1,LawSchoolAdmissions,LogisticRegression,20,mixed,mixed,Mixed -> Random Sample -> Mixed,Random Sample,N/A,N/A,original,False,centroid,Mixed -> RS -> Mixed
Train,1.0,-1,0,0,0.0025222301483154297,-1,LawSchoolAdmissions,LogisticRegression,20,mixed,mixed,Mixed -> Random Sample -> Mixed,Random Sample,N/A,N/A,original,False,centroid,Mixed -> RS -> Mixed
Train - Original,0.9021549889685583,-1,0,0,0.0025222301483154297,-1,LawSchoolAdmissions,LogisticRegression,20,mixed,mixed,Mixed -> Random Sample -> Mixed,Random Sample,N/A,N/A,original,False,centroid,Mixed -> RS -> Mixed
Val,0.9027801836133726,-1,0,0,0.0025222301483154297,-1,LawSchoolAdmissions,LogisticRegression,20,mixed,mixed,Mixed -> Random Sample -> Mixed,Random Sample,N/A,N/A,original,False,centroid,Mixed -> RS -> Mixed
Test,0.9112209008954729,-1,0,0,0.0025222301483154297,-1,LawSchoolAdmissions,LogisticRegression,20,mixed,mixed,Mixed -> Random Sample -> Mixed,Random Sample,N/A,N/A,original,False,centroid,Mixed -> RS -> Mixed
Train,1.0,-1,0,0,0.0018153190612792969,-1,LawSchoolAdmissions,LogisticRegression,20,mixed,mixed,Mixed -> Random Sample -> Mixed,Random Sample,N/A,N/A,original,False,centroid,Mixed -> RS -> Mixed
Train - Original,0.9016268664213045,-1,0,0,0.0018153190612792969,-1,LawSchoolAdmissions,LogisticRegression,20,mixed,mixed,Mixed -> Random Sample -> Mixed,Random Sample,N/A,N/A,original,False,centroid,Mixed -> RS -> Mixed
Val,0.8990173521415283,-1,0,0,0.0018153190612792969,-1,LawSchoolAdmissions,LogisticRegression,20,mixed,mixed,Mixed -> Random Sample -> Mixed,Random Sample,N/A,N/A,original,False,centroid,Mixed -> RS -> Mixed
Test,0.903735718750706,-1,0,0,0.0018153190612792969,-1,LawSchoolAdmissions,LogisticRegression,20,mixed,mixed,Mixed -> Random Sample -> Mixed,Random Sample,N/A,N/A,original,False,centroid,Mixed -> RS -> Mixed
Train,1.0,-1,0,0,0.0020923614501953125,-1,LawSchoolAdmissions,LogisticRegression,30,mixed,mixed,Mixed -> Random Sample -> Mixed,Random Sample,N/A,N/A,original,False,centroid,Mixed -> RS -> Mixed
Train - Original,0.9460091519340879,-1,0,0,0.0020923614501953125,-1,LawSchoolAdmissions,LogisticRegression,30,mixed,mixed,Mixed -> Random Sample -> Mixed,Random Sample,N/A,N/A,original,False,centroid,Mixed -> RS -> Mixed
Val,0.9375287131248164,-1,0,0,0.0020923614501953125,-1,LawSchoolAdmissions,LogisticRegression,30,mixed,mixed,Mixed -> Random Sample -> Mixed,Random Sample,N/A,N/A,original,False,centroid,Mixed -> RS -> Mixed
Test,0.943984929845834,-1,0,0,0.0020923614501953125,-1,LawSchoolAdmissions,LogisticRegression,30,mixed,mixed,Mixed -> Random Sample -> Mixed,Random Sample,N/A,N/A,original,False,centroid,Mixed -> RS -> Mixed
Train,1.0,-1,0,0,0.0021245479583740234,-1,LawSchoolAdmissions,LogisticRegression,30,mixed,mixed,Mixed -> Random Sample -> Mixed,Random Sample,N/A,N/A,original,False,centroid,Mixed -> RS -> Mixed
Train - Original,0.9118737103293215,-1,0,0,0.0021245479583740234,-1,LawSchoolAdmissions,LogisticRegression,30,mixed,mixed,Mixed -> Random Sample -> Mixed,Random Sample,N/A,N/A,original,False,centroid,Mixed -> RS -> Mixed
Val,0.9127356359062804,-1,0,0,0.0021245479583740234,-1,LawSchoolAdmissions,LogisticRegression,30,mixed,mixed,Mixed -> Random Sample -> Mixed,Random Sample,N/A,N/A,original,False,centroid,Mixed -> RS -> Mixed
Test,0.9110307352819347,-1,0,0,0.0021245479583740234,-1,LawSchoolAdmissions,LogisticRegression,30,mixed,mixed,Mixed -> Random Sample -> Mixed,Random Sample,N/A,N/A,original,False,centroid,Mixed -> RS -> Mixed
Train,1.0,-1,0,0,0.002180814743041992,-1,LawSchoolAdmissions,LogisticRegression,30,mixed,mixed,Mixed -> Random Sample -> Mixed,Random Sample,N/A,N/A,original,False,centroid,Mixed -> RS -> Mixed
Train - Original,0.9309787747297554,-1,0,0,0.002180814743041992,-1,LawSchoolAdmissions,LogisticRegression,30,mixed,mixed,Mixed -> Random Sample -> Mixed,Random Sample,N/A,N/A,original,False,centroid,Mixed -> RS -> Mixed
Val,0.9252818593301652,-1,0,0,0.002180814743041992,-1,LawSchoolAdmissions,LogisticRegression,30,mixed,mixed,Mixed -> Random Sample -> Mixed,Random Sample,N/A,N/A,original,False,centroid,Mixed -> RS -> Mixed
Test,0.9260745298578841,-1,0,0,0.002180814743041992,-1,LawSchoolAdmissions,LogisticRegression,30,mixed,mixed,Mixed -> Random Sample -> Mixed,Random Sample,N/A,N/A,original,False,centroid,Mixed -> RS -> Mixed
Train,1.0,-1,0,0,0.0020704269409179688,-1,LawSchoolAdmissions,LogisticRegression,30,mixed,mixed,Mixed -> Random Sample -> Mixed,Random Sample,N/A,N/A,original,False,centroid,Mixed -> RS -> Mixed
Train - Original,0.9150422943254879,-1,0,0,0.0020704269409179688,-1,LawSchoolAdmissions,LogisticRegression,30,mixed,mixed,Mixed -> Random Sample -> Mixed,Random Sample,N/A,N/A,original,False,centroid,Mixed -> RS -> Mixed
Val,0.9180075539053616,-1,0,0,0.0020704269409179688,-1,LawSchoolAdmissions,LogisticRegression,30,mixed,mixed,Mixed -> Random Sample -> Mixed,Random Sample,N/A,N/A,original,False,centroid,Mixed -> RS -> Mixed
Test,0.9171969965130028,-1,0,0,0.0020704269409179688,-1,LawSchoolAdmissions,LogisticRegression,30,mixed,mixed,Mixed -> Random Sample -> Mixed,Random Sample,N/A,N/A,original,False,centroid,Mixed -> RS -> Mixed
Train,1.0,-1,0,0,0.0018553733825683594,-1,LawSchoolAdmissions,LogisticRegression,30,mixed,mixed,Mixed -> Random Sample -> Mixed,Random Sample,N/A,N/A,original,False,centroid,Mixed -> RS -> Mixed
Train - Original,0.9229363388857521,-1,0,0,0.0018553733825683594,-1,LawSchoolAdmissions,LogisticRegression,30,mixed,mixed,Mixed -> Random Sample -> Mixed,Random Sample,N/A,N/A,original,False,centroid,Mixed -> RS -> Mixed
Val,0.9250888694748417,-1,0,0,0.0018553733825683594,-1,LawSchoolAdmissions,LogisticRegression,30,mixed,mixed,Mixed -> Random Sample -> Mixed,Random Sample,N/A,N/A,original,False,centroid,Mixed -> RS -> Mixed
Test,0.9213335693144247,-1,0,0,0.0018553733825683594,-1,LawSchoolAdmissions,LogisticRegression,30,mixed,mixed,Mixed -> Random Sample -> Mixed,Random Sample,N/A,N/A,original,False,centroid,Mixed -> RS -> Mixed
Train,1.0,-1,0,0,0.0022537708282470703,-1,LawSchoolAdmissions,LogisticRegression,40,mixed,mixed,Mixed -> Random Sample -> Mixed,Random Sample,N/A,N/A,original,False,centroid,Mixed -> RS -> Mixed
Train - Original,0.9538489923959517,-1,0,0,0.0022537708282470703,-1,LawSchoolAdmissions,LogisticRegression,40,mixed,mixed,Mixed -> Random Sample -> Mixed,Random Sample,N/A,N/A,original,False,centroid,Mixed -> RS -> Mixed
Val,0.9476564441666228,-1,0,0,0.0022537708282470703,-1,LawSchoolAdmissions,LogisticRegression,40,mixed,mixed,Mixed -> Random Sample -> Mixed,Random Sample,N/A,N/A,original,False,centroid,Mixed -> RS -> Mixed
Test,0.9513863261509727,-1,0,0,0.0022537708282470703,-1,LawSchoolAdmissions,LogisticRegression,40,mixed,mixed,Mixed -> Random Sample -> Mixed,Random Sample,N/A,N/A,original,False,centroid,Mixed -> RS -> Mixed
Train,0.9875,-1,0,0,0.0021162033081054688,-1,LawSchoolAdmissions,LogisticRegression,40,mixed,mixed,Mixed -> Random Sample -> Mixed,Random Sample,N/A,N/A,original,False,centroid,Mixed -> RS -> Mixed
Train - Original,0.9385490427357388,-1,0,0,0.0021162033081054688,-1,LawSchoolAdmissions,LogisticRegression,40,mixed,mixed,Mixed -> Random Sample -> Mixed,Random Sample,N/A,N/A,original,False,centroid,Mixed -> RS -> Mixed
Val,0.9382404220546924,-1,0,0,0.0021162033081054688,-1,LawSchoolAdmissions,LogisticRegression,40,mixed,mixed,Mixed -> Random Sample -> Mixed,Random Sample,N/A,N/A,original,False,centroid,Mixed -> RS -> Mixed
Test,0.9333111787255515,-1,0,0,0.0021162033081054688,-1,LawSchoolAdmissions,LogisticRegression,40,mixed,mixed,Mixed -> Random Sample -> Mixed,Random Sample,N/A,N/A,original,False,centroid,Mixed -> RS -> Mixed
Train,1.0,-1,0,0,0.0018606185913085938,-1,LawSchoolAdmissions,LogisticRegression,40,mixed,mixed,Mixed -> Random Sample -> Mixed,Random Sample,N/A,N/A,original,False,centroid,Mixed -> RS -> Mixed
Train - Original,0.9514924973142171,-1,0,0,0.0018606185913085938,-1,LawSchoolAdmissions,LogisticRegression,40,mixed,mixed,Mixed -> Random Sample -> Mixed,Random Sample,N/A,N/A,original,False,centroid,Mixed -> RS -> Mixed
Val,0.9473109452548972,-1,0,0,0.0018606185913085938,-1,LawSchoolAdmissions,LogisticRegression,40,mixed,mixed,Mixed -> Random Sample -> Mixed,Random Sample,N/A,N/A,original,False,centroid,Mixed -> RS -> Mixed
Test,0.9523748107758003,-1,0,0,0.0018606185913085938,-1,LawSchoolAdmissions,LogisticRegression,40,mixed,mixed,Mixed -> Random Sample -> Mixed,Random Sample,N/A,N/A,original,False,centroid,Mixed -> RS -> Mixed
Train,1.0,-1,0,0,0.0019414424896240234,-1,LawSchoolAdmissions,LogisticRegression,40,mixed,mixed,Mixed -> Random Sample -> Mixed,Random Sample,N/A,N/A,original,False,centroid,Mixed -> RS -> Mixed
Train - Original,0.9359846572144055,-1,0,0,0.0019414424896240234,-1,LawSchoolAdmissions,LogisticRegression,40,mixed,mixed,Mixed -> Random Sample -> Mixed,Random Sample,N/A,N/A,original,False,centroid,Mixed -> RS -> Mixed
Val,0.929520104835855,-1,0,0,0.0019414424896240234,-1,LawSchoolAdmissions,LogisticRegression,40,mixed,mixed,Mixed -> Random Sample -> Mixed,Random Sample,N/A,N/A,original,False,centroid,Mixed -> RS -> Mixed
Test,0.9329628555720408,-1,0,0,0.0019414424896240234,-1,LawSchoolAdmissions,LogisticRegression,40,mixed,mixed,Mixed -> Random Sample -> Mixed,Random Sample,N/A,N/A,original,False,centroid,Mixed -> RS -> Mixed
Train,1.0,-1,0,0,0.0022215843200683594,-1,LawSchoolAdmissions,LogisticRegression,40,mixed,mixed,Mixed -> Random Sample -> Mixed,Random Sample,N/A,N/A,original,False,centroid,Mixed -> RS -> Mixed
Train - Original,0.941265428824875,-1,0,0,0.0022215843200683594,-1,LawSchoolAdmissions,LogisticRegression,40,mixed,mixed,Mixed -> Random Sample -> Mixed,Random Sample,N/A,N/A,original,False,centroid,Mixed -> RS -> Mixed
Val,0.9409818194142145,-1,0,0,0.0022215843200683594,-1,LawSchoolAdmissions,LogisticRegression,40,mixed,mixed,Mixed -> Random Sample -> Mixed,Random Sample,N/A,N/A,original,False,centroid,Mixed -> RS -> Mixed
Test,0.9388551653499424,-1,0,0,0.0022215843200683594,-1,LawSchoolAdmissions,LogisticRegression,40,mixed,mixed,Mixed -> Random Sample -> Mixed,Random Sample,N/A,N/A,original,False,centroid,Mixed -> RS -> Mixed
Train,0.99,-1,0,0,0.0022704601287841797,-1,LawSchoolAdmissions,LogisticRegression,50,mixed,mixed,Mixed -> Random Sample -> Mixed,Random Sample,N/A,N/A,original,False,centroid,Mixed -> RS -> Mixed
Train - Original,0.9627359142610463,-1,0,0,0.0022704601287841797,-1,LawSchoolAdmissions,LogisticRegression,50,mixed,mixed,Mixed -> Random Sample -> Mixed,Random Sample,N/A,N/A,original,False,centroid,Mixed -> RS -> Mixed
Val,0.9621062065537472,-1,0,0,0.0022704601287841797,-1,LawSchoolAdmissions,LogisticRegression,50,mixed,mixed,Mixed -> Random Sample -> Mixed,Random Sample,N/A,N/A,original,False,centroid,Mixed -> RS -> Mixed
Test,0.9619282793212782,-1,0,0,0.0022704601287841797,-1,LawSchoolAdmissions,LogisticRegression,50,mixed,mixed,Mixed -> Random Sample -> Mixed,Random Sample,N/A,N/A,original,False,centroid,Mixed -> RS -> Mixed
Train,0.99,-1,0,0,0.0019254684448242188,-1,LawSchoolAdmissions,LogisticRegression,50,mixed,mixed,Mixed -> Random Sample -> Mixed,Random Sample,N/A,N/A,original,False,centroid,Mixed -> RS -> Mixed
Train - Original,0.9609617026000072,-1,0,0,0.0019254684448242188,-1,LawSchoolAdmissions,LogisticRegression,50,mixed,mixed,Mixed -> Random Sample -> Mixed,Random Sample,N/A,N/A,original,False,centroid,Mixed -> RS -> Mixed
Val,0.9637960445552385,-1,0,0,0.0019254684448242188,-1,LawSchoolAdmissions,LogisticRegression,50,mixed,mixed,Mixed -> Random Sample -> Mixed,Random Sample,N/A,N/A,original,False,centroid,Mixed -> RS -> Mixed
Test,0.9581249670505125,-1,0,0,0.0019254684448242188,-1,LawSchoolAdmissions,LogisticRegression,50,mixed,mixed,Mixed -> Random Sample -> Mixed,Random Sample,N/A,N/A,original,False,centroid,Mixed -> RS -> Mixed
Train,0.99,-1,0,0,0.001873016357421875,-1,LawSchoolAdmissions,LogisticRegression,50,mixed,mixed,Mixed -> Random Sample -> Mixed,Random Sample,N/A,N/A,original,False,centroid,Mixed -> RS -> Mixed
Train - Original,0.9568040234829098,-1,0,0,0.001873016357421875,-1,LawSchoolAdmissions,LogisticRegression,50,mixed,mixed,Mixed -> Random Sample -> Mixed,Random Sample,N/A,N/A,original,False,centroid,Mixed -> RS -> Mixed
Val,0.9520801482162089,-1,0,0,0.001873016357421875,-1,LawSchoolAdmissions,LogisticRegression,50,mixed,mixed,Mixed -> Random Sample -> Mixed,Random Sample,N/A,N/A,original,False,centroid,Mixed -> RS -> Mixed
Test,0.9588489143614578,-1,0,0,0.001873016357421875,-1,LawSchoolAdmissions,LogisticRegression,50,mixed,mixed,Mixed -> Random Sample -> Mixed,Random Sample,N/A,N/A,original,False,centroid,Mixed -> RS -> Mixed
Train,1.0,-1,0,0,0.0022706985473632812,-1,LawSchoolAdmissions,LogisticRegression,50,mixed,mixed,Mixed -> Random Sample -> Mixed,Random Sample,N/A,N/A,original,False,centroid,Mixed -> RS -> Mixed
Train - Original,0.9370806044336186,-1,0,0,0.0022706985473632812,-1,LawSchoolAdmissions,LogisticRegression,50,mixed,mixed,Mixed -> Random Sample -> Mixed,Random Sample,N/A,N/A,original,False,centroid,Mixed -> RS -> Mixed
Val,0.927528072963345,-1,0,0,0.0022706985473632812,-1,LawSchoolAdmissions,LogisticRegression,50,mixed,mixed,Mixed -> Random Sample -> Mixed,Random Sample,N/A,N/A,original,False,centroid,Mixed -> RS -> Mixed
Test,0.9327519788520775,-1,0,0,0.0022706985473632812,-1,LawSchoolAdmissions,LogisticRegression,50,mixed,mixed,Mixed -> Random Sample -> Mixed,Random Sample,N/A,N/A,original,False,centroid,Mixed -> RS -> Mixed
Train,1.0,-1,0,0,0.0022478103637695312,-1,LawSchoolAdmissions,LogisticRegression,50,mixed,mixed,Mixed -> Random Sample -> Mixed,Random Sample,N/A,N/A,original,False,centroid,Mixed -> RS -> Mixed
Train - Original,0.9432692514673361,-1,0,0,0.0022478103637695312,-1,LawSchoolAdmissions,LogisticRegression,50,mixed,mixed,Mixed -> Random Sample -> Mixed,Random Sample,N/A,N/A,original,False,centroid,Mixed -> RS -> Mixed
Val,0.9413781546780742,-1,0,0,0.0022478103637695312,-1,LawSchoolAdmissions,LogisticRegression,50,mixed,mixed,Mixed -> Random Sample -> Mixed,Random Sample,N/A,N/A,original,False,centroid,Mixed -> RS -> Mixed
Test,0.9428975967585236,-1,0,0,0.0022478103637695312,-1,LawSchoolAdmissions,LogisticRegression,50,mixed,mixed,Mixed -> Random Sample -> Mixed,Random Sample,N/A,N/A,original,False,centroid,Mixed -> RS -> Mixed
Train,0.9833333333333334,-1,0,0,0.0018639564514160156,-1,LawSchoolAdmissions,LogisticRegression,60,mixed,mixed,Mixed -> Random Sample -> Mixed,Random Sample,N/A,N/A,original,False,centroid,Mixed -> RS -> Mixed
Train - Original,0.9681776556182807,-1,0,0,0.0018639564514160156,-1,LawSchoolAdmissions,LogisticRegression,60,mixed,mixed,Mixed -> Random Sample -> Mixed,Random Sample,N/A,N/A,original,False,centroid,Mixed -> RS -> Mixed
Val,0.9665628600908276,-1,0,0,0.0018639564514160156,-1,LawSchoolAdmissions,LogisticRegression,60,mixed,mixed,Mixed -> Random Sample -> Mixed,Random Sample,N/A,N/A,original,False,centroid,Mixed -> RS -> Mixed
Test,0.9667991549868579,-1,0,0,0.0018639564514160156,-1,LawSchoolAdmissions,LogisticRegression,60,mixed,mixed,Mixed -> Random Sample -> Mixed,Random Sample,N/A,N/A,original,False,centroid,Mixed -> RS -> Mixed
Train,0.9916666666666667,-1,0,0,0.002562999725341797,-1,LawSchoolAdmissions,LogisticRegression,60,mixed,mixed,Mixed -> Random Sample -> Mixed,Random Sample,N/A,N/A,original,False,centroid,Mixed -> RS -> Mixed
Train - Original,0.9694074056976201,-1,0,0,0.002562999725341797,-1,LawSchoolAdmissions,LogisticRegression,60,mixed,mixed,Mixed -> Random Sample -> Mixed,Random Sample,N/A,N/A,original,False,centroid,Mixed -> RS -> Mixed
Val,0.9703868834680183,-1,0,0,0.002562999725341797,-1,LawSchoolAdmissions,LogisticRegression,60,mixed,mixed,Mixed -> Random Sample -> Mixed,Random Sample,N/A,N/A,original,False,centroid,Mixed -> RS -> Mixed
Test,0.9689691140918368,-1,0,0,0.002562999725341797,-1,LawSchoolAdmissions,LogisticRegression,60,mixed,mixed,Mixed -> Random Sample -> Mixed,Random Sample,N/A,N/A,original,False,centroid,Mixed -> RS -> Mixed
Train,0.9916666666666667,-1,0,0,0.002121448516845703,-1,LawSchoolAdmissions,LogisticRegression,60,mixed,mixed,Mixed -> Random Sample -> Mixed,Random Sample,N/A,N/A,original,False,centroid,Mixed -> RS -> Mixed
Train - Original,0.9649693478849293,-1,0,0,0.002121448516845703,-1,LawSchoolAdmissions,LogisticRegression,60,mixed,mixed,Mixed -> Random Sample -> Mixed,Random Sample,N/A,N/A,original,False,centroid,Mixed -> RS -> Mixed
Val,0.9622511842987219,-1,0,0,0.002121448516845703,-1,LawSchoolAdmissions,LogisticRegression,60,mixed,mixed,Mixed -> Random Sample -> Mixed,Random Sample,N/A,N/A,original,False,centroid,Mixed -> RS -> Mixed
Test,0.9652975997710481,-1,0,0,0.002121448516845703,-1,LawSchoolAdmissions,LogisticRegression,60,mixed,mixed,Mixed -> Random Sample -> Mixed,Random Sample,N/A,N/A,original,False,centroid,Mixed -> RS -> Mixed
Train,1.0,-1,0,0,0.0020148754119873047,-1,LawSchoolAdmissions,LogisticRegression,60,mixed,mixed,Mixed -> Random Sample -> Mixed,Random Sample,N/A,N/A,original,False,centroid,Mixed -> RS -> Mixed
Train - Original,0.9603758098952477,-1,0,0,0.0020148754119873047,-1,LawSchoolAdmissions,LogisticRegression,60,mixed,mixed,Mixed -> Random Sample -> Mixed,Random Sample,N/A,N/A,original,False,centroid,Mixed -> RS -> Mixed
Val,0.9588743325375247,-1,0,0,0.0020148754119873047,-1,LawSchoolAdmissions,LogisticRegression,60,mixed,mixed,Mixed -> Random Sample -> Mixed,Random Sample,N/A,N/A,original,False,centroid,Mixed -> RS -> Mixed
Test,0.9622078792580152,-1,0,0,0.0020148754119873047,-1,LawSchoolAdmissions,LogisticRegression,60,mixed,mixed,Mixed -> Random Sample -> Mixed,Random Sample,N/A,N/A,original,False,centroid,Mixed -> RS -> Mixed
Train,1.0,-1,0,0,0.0023620128631591797,-1,LawSchoolAdmissions,LogisticRegression,60,mixed,mixed,Mixed -> Random Sample -> Mixed,Random Sample,N/A,N/A,original,False,centroid,Mixed -> RS -> Mixed
Train - Original,0.9510168066420509,-1,0,0,0.0023620128631591797,-1,LawSchoolAdmissions,LogisticRegression,60,mixed,mixed,Mixed -> Random Sample -> Mixed,Random Sample,N/A,N/A,original,False,centroid,Mixed -> RS -> Mixed
Val,0.9476667997198353,-1,0,0,0.0023620128631591797,-1,LawSchoolAdmissions,LogisticRegression,60,mixed,mixed,Mixed -> Random Sample -> Mixed,Random Sample,N/A,N/A,original,False,centroid,Mixed -> RS -> Mixed
Test,0.9491862418002848,-1,0,0,0.0023620128631591797,-1,LawSchoolAdmissions,LogisticRegression,60,mixed,mixed,Mixed -> Random Sample -> Mixed,Random Sample,N/A,N/A,original,False,centroid,Mixed -> RS -> Mixed
Train,0.9857142857142858,-1,0,0,0.0019485950469970703,-1,LawSchoolAdmissions,LogisticRegression,70,mixed,mixed,Mixed -> Random Sample -> Mixed,Random Sample,N/A,N/A,original,False,centroid,Mixed -> RS -> Mixed
Train - Original,0.9691289289002161,-1,0,0,0.0019485950469970703,-1,LawSchoolAdmissions,LogisticRegression,70,mixed,mixed,Mixed -> Random Sample -> Mixed,Random Sample,N/A,N/A,original,False,centroid,Mixed -> RS -> Mixed
Val,0.9681660880109053,-1,0,0,0.0019485950469970703,-1,LawSchoolAdmissions,LogisticRegression,70,mixed,mixed,Mixed -> Random Sample -> Mixed,Random Sample,N/A,N/A,original,False,centroid,Mixed -> RS -> Mixed
Test,0.9693983988431906,-1,0,0,0.0019485950469970703,-1,LawSchoolAdmissions,LogisticRegression,70,mixed,mixed,Mixed -> Random Sample -> Mixed,Random Sample,N/A,N/A,original,False,centroid,Mixed -> RS -> Mixed
Train,0.9928571428571429,-1,0,0,0.0018761157989501953,-1,LawSchoolAdmissions,LogisticRegression,70,mixed,mixed,Mixed -> Random Sample -> Mixed,Random Sample,N/A,N/A,original,False,centroid,Mixed -> RS -> Mixed
Train - Original,0.9639638488921141,-1,0,0,0.0018761157989501953,-1,LawSchoolAdmissions,LogisticRegression,70,mixed,mixed,Mixed -> Random Sample -> Mixed,Random Sample,N/A,N/A,original,False,centroid,Mixed -> RS -> Mixed
Val,0.9681331385234111,-1,0,0,0.0018761157989501953,-1,LawSchoolAdmissions,LogisticRegression,70,mixed,mixed,Mixed -> Random Sample -> Mixed,Random Sample,N/A,N/A,original,False,centroid,Mixed -> RS -> Mixed
Test,0.9683440152433743,-1,0,0,0.0018761157989501953,-1,LawSchoolAdmissions,LogisticRegression,70,mixed,mixed,Mixed -> Random Sample -> Mixed,Random Sample,N/A,N/A,original,False,centroid,Mixed -> RS -> Mixed
Train,1.0,-1,0,0,0.0019021034240722656,-1,LawSchoolAdmissions,LogisticRegression,70,mixed,mixed,Mixed -> Random Sample -> Mixed,Random Sample,N/A,N/A,original,False,centroid,Mixed -> RS -> Mixed
Train - Original,0.9713461099395706,-1,0,0,0.0019021034240722656,-1,LawSchoolAdmissions,LogisticRegression,70,mixed,mixed,Mixed -> Random Sample -> Mixed,Random Sample,N/A,N/A,original,False,centroid,Mixed -> RS -> Mixed
Val,0.9692562453400011,-1,0,0,0.0019021034240722656,-1,LawSchoolAdmissions,LogisticRegression,70,mixed,mixed,Mixed -> Random Sample -> Mixed,Random Sample,N/A,N/A,original,False,centroid,Mixed -> RS -> Mixed
Test,0.9735095534685454,-1,0,0,0.0019021034240722656,-1,LawSchoolAdmissions,LogisticRegression,70,mixed,mixed,Mixed -> Random Sample -> Mixed,Random Sample,N/A,N/A,original,False,centroid,Mixed -> RS -> Mixed
Train,1.0,-1,0,0,0.0018858909606933594,-1,LawSchoolAdmissions,LogisticRegression,70,mixed,mixed,Mixed -> Random Sample -> Mixed,Random Sample,N/A,N/A,original,False,centroid,Mixed -> RS -> Mixed
Train - Original,0.9646926649233176,-1,0,0,0.0018858909606933594,-1,LawSchoolAdmissions,LogisticRegression,70,mixed,mixed,Mixed -> Random Sample -> Mixed,Random Sample,N/A,N/A,original,False,centroid,Mixed -> RS -> Mixed
Val,0.9629346508107457,-1,0,0,0.0018858909606933594,-1,LawSchoolAdmissions,LogisticRegression,70,mixed,mixed,Mixed -> Random Sample -> Mixed,Random Sample,N/A,N/A,original,False,centroid,Mixed -> RS -> Mixed
Test,0.9652721815949812,-1,0,0,0.0018858909606933594,-1,LawSchoolAdmissions,LogisticRegression,70,mixed,mixed,Mixed -> Random Sample -> Mixed,Random Sample,N/A,N/A,original,False,centroid,Mixed -> RS -> Mixed
Train,0.9928571428571429,-1,0,0,0.001850128173828125,-1,LawSchoolAdmissions,LogisticRegression,70,mixed,mixed,Mixed -> Random Sample -> Mixed,Random Sample,N/A,N/A,original,False,centroid,Mixed -> RS -> Mixed
Train - Original,0.9612691833448008,-1,0,0,0.001850128173828125,-1,LawSchoolAdmissions,LogisticRegression,70,mixed,mixed,Mixed -> Random Sample -> Mixed,Random Sample,N/A,N/A,original,False,centroid,Mixed -> RS -> Mixed
Val,0.9604191927940413,-1,0,0,0.001850128173828125,-1,LawSchoolAdmissions,LogisticRegression,70,mixed,mixed,Mixed -> Random Sample -> Mixed,Random Sample,N/A,N/A,original,False,centroid,Mixed -> RS -> Mixed
Test,0.9565622199293563,-1,0,0,0.001850128173828125,-1,LawSchoolAdmissions,LogisticRegression,70,mixed,mixed,Mixed -> Random Sample -> Mixed,Random Sample,N/A,N/A,original,False,centroid,Mixed -> RS -> Mixed
Train,0.99375,-1,0,0,0.0019032955169677734,-1,LawSchoolAdmissions,LogisticRegression,80,mixed,mixed,Mixed -> Random Sample -> Mixed,Random Sample,N/A,N/A,original,False,centroid,Mixed -> RS -> Mixed
Train - Original,0.9729683642577656,-1,0,0,0.0019032955169677734,-1,LawSchoolAdmissions,LogisticRegression,80,mixed,mixed,Mixed -> Random Sample -> Mixed,Random Sample,N/A,N/A,original,False,centroid,Mixed -> RS -> Mixed
Val,0.9703689966033786,-1,0,0,0.0019032955169677734,-1,LawSchoolAdmissions,LogisticRegression,80,mixed,mixed,Mixed -> Random Sample -> Mixed,Random Sample,N/A,N/A,original,False,centroid,Mixed -> RS -> Mixed
Test,0.9730699131639793,-1,0,0,0.0019032955169677734,-1,LawSchoolAdmissions,LogisticRegression,80,mixed,mixed,Mixed -> Random Sample -> Mixed,Random Sample,N/A,N/A,original,False,centroid,Mixed -> RS -> Mixed
Train,0.9875,-1,0,0,0.002384662628173828,-1,LawSchoolAdmissions,LogisticRegression,80,mixed,mixed,Mixed -> Random Sample -> Mixed,Random Sample,N/A,N/A,original,False,centroid,Mixed -> RS -> Mixed
Train - Original,0.9663890284334644,-1,0,0,0.002384662628173828,-1,LawSchoolAdmissions,LogisticRegression,80,mixed,mixed,Mixed -> Random Sample -> Mixed,Random Sample,N/A,N/A,original,False,centroid,Mixed -> RS -> Mixed
Val,0.9648504281550546,-1,0,0,0.002384662628173828,-1,LawSchoolAdmissions,LogisticRegression,80,mixed,mixed,Mixed -> Random Sample -> Mixed,Random Sample,N/A,N/A,original,False,centroid,Mixed -> RS -> Mixed
Test,0.9677113850834846,-1,0,0,0.002384662628173828,-1,LawSchoolAdmissions,LogisticRegression,80,mixed,mixed,Mixed -> Random Sample -> Mixed,Random Sample,N/A,N/A,original,False,centroid,Mixed -> RS -> Mixed
Train,1.0,-1,0,0,0.0018308162689208984,-1,LawSchoolAdmissions,LogisticRegression,80,mixed,mixed,Mixed -> Random Sample -> Mixed,Random Sample,N/A,N/A,original,False,centroid,Mixed -> RS -> Mixed
Train - Original,0.9695629290995696,-1,0,0,0.0018308162689208984,-1,LawSchoolAdmissions,LogisticRegression,80,mixed,mixed,Mixed -> Random Sample -> Mixed,Random Sample,N/A,N/A,original,False,centroid,Mixed -> RS -> Mixed
Val,0.9688090737240076,-1,0,0,0.0018308162689208984,-1,LawSchoolAdmissions,LogisticRegression,80,mixed,mixed,Mixed -> Random Sample -> Mixed,Random Sample,N/A,N/A,original,False,centroid,Mixed -> RS -> Mixed
Test,0.9687582373718735,-1,0,0,0.0018308162689208984,-1,LawSchoolAdmissions,LogisticRegression,80,mixed,mixed,Mixed -> Random Sample -> Mixed,Random Sample,N/A,N/A,original,False,centroid,Mixed -> RS -> Mixed
Train,1.0,-1,0,0,0.0032889842987060547,-1,LawSchoolAdmissions,LogisticRegression,80,mixed,mixed,Mixed -> Random Sample -> Mixed,Random Sample,N/A,N/A,original,False,centroid,Mixed -> RS -> Mixed
Train - Original,0.9694960168632667,-1,0,0,0.0032889842987060547,-1,LawSchoolAdmissions,LogisticRegression,80,mixed,mixed,Mixed -> Random Sample -> Mixed,Random Sample,N/A,N/A,original,False,centroid,Mixed -> RS -> Mixed
Val,0.9676021810677893,-1,0,0,0.0032889842987060547,-1,LawSchoolAdmissions,LogisticRegression,80,mixed,mixed,Mixed -> Random Sample -> Mixed,Random Sample,N/A,N/A,original,False,centroid,Mixed -> RS -> Mixed
Test,0.9704123016440853,-1,0,0,0.0032889842987060547,-1,LawSchoolAdmissions,LogisticRegression,80,mixed,mixed,Mixed -> Random Sample -> Mixed,Random Sample,N/A,N/A,original,False,centroid,Mixed -> RS -> Mixed
Train,0.99375,-1,0,0,0.0022318363189697266,-1,LawSchoolAdmissions,LogisticRegression,80,mixed,mixed,Mixed -> Random Sample -> Mixed,Random Sample,N/A,N/A,original,False,centroid,Mixed -> RS -> Mixed
Train - Original,0.9647161576884536,-1,0,0,0.0022318363189697266,-1,LawSchoolAdmissions,LogisticRegression,80,mixed,mixed,Mixed -> Random Sample -> Mixed,Random Sample,N/A,N/A,original,False,centroid,Mixed -> RS -> Mixed
Val,0.9659226986195106,-1,0,0,0.0022318363189697266,-1,LawSchoolAdmissions,LogisticRegression,80,mixed,mixed,Mixed -> Random Sample -> Mixed,Random Sample,N/A,N/A,original,False,centroid,Mixed -> RS -> Mixed
Test,0.9619894712266247,-1,0,0,0.0022318363189697266,-1,LawSchoolAdmissions,LogisticRegression,80,mixed,mixed,Mixed -> Random Sample -> Mixed,Random Sample,N/A,N/A,original,False,centroid,Mixed -> RS -> Mixed
Train,0.9944444444444445,-1,0,0,0.0023152828216552734,-1,LawSchoolAdmissions,LogisticRegression,90,mixed,mixed,Mixed -> Random Sample -> Mixed,Random Sample,N/A,N/A,original,False,centroid,Mixed -> RS -> Mixed
Train - Original,0.9769778033784801,-1,0,0,0.0023152828216552734,-1,LawSchoolAdmissions,LogisticRegression,90,mixed,mixed,Mixed -> Random Sample -> Mixed,Random Sample,N/A,N/A,original,False,centroid,Mixed -> RS -> Mixed
Val,0.9766397547804999,-1,0,0,0.0023152828216552734,-1,LawSchoolAdmissions,LogisticRegression,90,mixed,mixed,Mixed -> Random Sample -> Mixed,Random Sample,N/A,N/A,original,False,centroid,Mixed -> RS -> Mixed
Test,0.9781083605088154,-1,0,0,0.0023152828216552734,-1,LawSchoolAdmissions,LogisticRegression,90,mixed,mixed,Mixed -> Random Sample -> Mixed,Random Sample,N/A,N/A,original,False,centroid,Mixed -> RS -> Mixed
Train,0.9944444444444445,-1,0,0,0.00231170654296875,-1,LawSchoolAdmissions,LogisticRegression,90,mixed,mixed,Mixed -> Random Sample -> Mixed,Random Sample,N/A,N/A,original,False,centroid,Mixed -> RS -> Mixed
Train - Original,0.9642188329243819,-1,0,0,0.00231170654296875,-1,LawSchoolAdmissions,LogisticRegression,90,mixed,mixed,Mixed -> Random Sample -> Mixed,Random Sample,N/A,N/A,original,False,centroid,Mixed -> RS -> Mixed
Val,0.9604700291461752,-1,0,0,0.00231170654296875,-1,LawSchoolAdmissions,LogisticRegression,90,mixed,mixed,Mixed -> Random Sample -> Mixed,Random Sample,N/A,N/A,original,False,centroid,Mixed -> RS -> Mixed
Test,0.9645632969068905,-1,0,0,0.00231170654296875,-1,LawSchoolAdmissions,LogisticRegression,90,mixed,mixed,Mixed -> Random Sample -> Mixed,Random Sample,N/A,N/A,original,False,centroid,Mixed -> RS -> Mixed
Train,1.0,-1,0,0,0.0017638206481933594,-1,LawSchoolAdmissions,LogisticRegression,90,mixed,mixed,Mixed -> Random Sample -> Mixed,Random Sample,N/A,N/A,original,False,centroid,Mixed -> RS -> Mixed
Train - Original,0.9768783211356822,-1,0,0,0.0017638206481933594,-1,LawSchoolAdmissions,LogisticRegression,90,mixed,mixed,Mixed -> Random Sample -> Mixed,Random Sample,N/A,N/A,original,False,centroid,Mixed -> RS -> Mixed
Val,0.9760833791488112,-1,0,0,0.0017638206481933594,-1,LawSchoolAdmissions,LogisticRegression,90,mixed,mixed,Mixed -> Random Sample -> Mixed,Random Sample,N/A,N/A,original,False,centroid,Mixed -> RS -> Mixed
Test,0.9777374434210229,-1,0,0,0.0017638206481933594,-1,LawSchoolAdmissions,LogisticRegression,90,mixed,mixed,Mixed -> Random Sample -> Mixed,Random Sample,N/A,N/A,original,False,centroid,Mixed -> RS -> Mixed
Train,1.0,-1,0,0,0.001842498779296875,-1,LawSchoolAdmissions,LogisticRegression,90,mixed,mixed,Mixed -> Random Sample -> Mixed,Random Sample,N/A,N/A,original,False,centroid,Mixed -> RS -> Mixed
Train - Original,0.9720243095439585,-1,0,0,0.001842498779296875,-1,LawSchoolAdmissions,LogisticRegression,90,mixed,mixed,Mixed -> Random Sample -> Mixed,Random Sample,N/A,N/A,original,False,centroid,Mixed -> RS -> Mixed
Val,0.9688928595636358,-1,0,0,0.001842498779296875,-1,LawSchoolAdmissions,LogisticRegression,90,mixed,mixed,Mixed -> Random Sample -> Mixed,Random Sample,N/A,N/A,original,False,centroid,Mixed -> RS -> Mixed
Test,0.9756362075328178,-1,0,0,0.001842498779296875,-1,LawSchoolAdmissions,LogisticRegression,90,mixed,mixed,Mixed -> Random Sample -> Mixed,Random Sample,N/A,N/A,original,False,centroid,Mixed -> RS -> Mixed
Train,0.9888888888888889,-1,0,0,0.0021758079528808594,-1,LawSchoolAdmissions,LogisticRegression,90,mixed,mixed,Mixed -> Random Sample -> Mixed,Random Sample,N/A,N/A,original,False,centroid,Mixed -> RS -> Mixed
Train - Original,0.9677472214780325,-1,0,0,0.0021758079528808594,-1,LawSchoolAdmissions,LogisticRegression,90,mixed,mixed,Mixed -> Random Sample -> Mixed,Random Sample,N/A,N/A,original,False,centroid,Mixed -> RS -> Mixed
Val,0.9652975997710481,-1,0,0,0.0021758079528808594,-1,LawSchoolAdmissions,LogisticRegression,90,mixed,mixed,Mixed -> Random Sample -> Mixed,Random Sample,N/A,N/A,original,False,centroid,Mixed -> RS -> Mixed
Test,0.9670533367475278,-1,0,0,0.0021758079528808594,-1,LawSchoolAdmissions,LogisticRegression,90,mixed,mixed,Mixed -> Random Sample -> Mixed,Random Sample,N/A,N/A,original,False,centroid,Mixed -> RS -> Mixed
Train,0.995,-1,0,0,0.002165079116821289,-1,LawSchoolAdmissions,LogisticRegression,100,mixed,mixed,Mixed -> Random Sample -> Mixed,Random Sample,N/A,N/A,original,False,centroid,Mixed -> RS -> Mixed
Train - Original,0.9744296272167163,-1,0,0,0.002165079116821289,-1,LawSchoolAdmissions,LogisticRegression,100,mixed,mixed,Mixed -> Random Sample -> Mixed,Random Sample,N/A,N/A,original,False,centroid,Mixed -> RS -> Mixed
Val,0.9749602723322213,-1,0,0,0.002165079116821289,-1,LawSchoolAdmissions,LogisticRegression,100,mixed,mixed,Mixed -> Random Sample -> Mixed,Random Sample,N/A,N/A,original,False,centroid,Mixed -> RS -> Mixed
Test,0.9766397547804999,-1,0,0,0.002165079116821289,-1,LawSchoolAdmissions,LogisticRegression,100,mixed,mixed,Mixed -> Random Sample -> Mixed,Random Sample,N/A,N/A,original,False,centroid,Mixed -> RS -> Mixed
Train,0.99,-1,0,0,0.0020596981048583984,-1,LawSchoolAdmissions,LogisticRegression,100,mixed,mixed,Mixed -> Random Sample -> Mixed,Random Sample,N/A,N/A,original,False,centroid,Mixed -> RS -> Mixed
Train - Original,0.9678448666600792,-1,0,0,0.0020596981048583984,-1,LawSchoolAdmissions,LogisticRegression,100,mixed,mixed,Mixed -> Random Sample -> Mixed,Random Sample,N/A,N/A,original,False,centroid,Mixed -> RS -> Mixed
Val,0.9658210259152427,-1,0,0,0.0020596981048583984,-1,LawSchoolAdmissions,LogisticRegression,100,mixed,mixed,Mixed -> Random Sample -> Mixed,Random Sample,N/A,N/A,original,False,centroid,Mixed -> RS -> Mixed
Test,0.9686565646676055,-1,0,0,0.0020596981048583984,-1,LawSchoolAdmissions,LogisticRegression,100,mixed,mixed,Mixed -> Random Sample -> Mixed,Random Sample,N/A,N/A,original,False,centroid,Mixed -> RS -> Mixed
Train,1.0,-1,0,0,0.0019292831420898438,-1,LawSchoolAdmissions,LogisticRegression,100,mixed,mixed,Mixed -> Random Sample -> Mixed,Random Sample,N/A,N/A,original,False,centroid,Mixed -> RS -> Mixed
Train - Original,0.9794102231004381,-1,0,0,0.0019292831420898438,-1,LawSchoolAdmissions,LogisticRegression,100,mixed,mixed,Mixed -> Random Sample -> Mixed,Random Sample,N/A,N/A,original,False,centroid,Mixed -> RS -> Mixed
Val,0.9812564486854096,-1,0,0,0.0019292831420898438,-1,LawSchoolAdmissions,LogisticRegression,100,mixed,mixed,Mixed -> Random Sample -> Mixed,Random Sample,N/A,N/A,original,False,centroid,Mixed -> RS -> Mixed
Test,0.9781846150370164,-1,0,0,0.0019292831420898438,-1,LawSchoolAdmissions,LogisticRegression,100,mixed,mixed,Mixed -> Random Sample -> Mixed,Random Sample,N/A,N/A,original,False,centroid,Mixed -> RS -> Mixed
Train,1.0,-1,0,0,0.001783132553100586,-1,LawSchoolAdmissions,LogisticRegression,100,mixed,mixed,Mixed -> Random Sample -> Mixed,Random Sample,N/A,N/A,original,False,centroid,Mixed -> RS -> Mixed
Train - Original,0.9787826615353454,-1,0,0,0.001783132553100586,-1,LawSchoolAdmissions,LogisticRegression,100,mixed,mixed,Mixed -> Random Sample -> Mixed,Random Sample,N/A,N/A,original,False,centroid,Mixed -> RS -> Mixed
Val,0.977788279773157,-1,0,0,0.001783132553100586,-1,LawSchoolAdmissions,LogisticRegression,100,mixed,mixed,Mixed -> Random Sample -> Mixed,Random Sample,N/A,N/A,original,False,centroid,Mixed -> RS -> Mixed
Test,0.9777628615970899,-1,0,0,0.001783132553100586,-1,LawSchoolAdmissions,LogisticRegression,100,mixed,mixed,Mixed -> Random Sample -> Mixed,Random Sample,N/A,N/A,original,False,centroid,Mixed -> RS -> Mixed
Train,0.995,-1,0,0,0.0023605823516845703,-1,LawSchoolAdmissions,LogisticRegression,100,mixed,mixed,Mixed -> Random Sample -> Mixed,Random Sample,N/A,N/A,original,False,centroid,Mixed -> RS -> Mixed
Train - Original,0.9708108120491474,-1,0,0,0.0023605823516845703,-1,LawSchoolAdmissions,LogisticRegression,100,mixed,mixed,Mixed -> Random Sample -> Mixed,Random Sample,N/A,N/A,original,False,centroid,Mixed -> RS -> Mixed
Val,0.9681839748755451,-1,0,0,0.0023605823516845703,-1,LawSchoolAdmissions,LogisticRegression,100,mixed,mixed,Mixed -> Random Sample -> Mixed,Random Sample,N/A,N/A,original,False,centroid,Mixed -> RS -> Mixed
Test,0.9713574812282062,-1,0,0,0.0023605823516845703,-1,LawSchoolAdmissions,LogisticRegression,100,mixed,mixed,Mixed -> Random Sample -> Mixed,Random Sample,N/A,N/A,original,False,centroid,Mixed -> RS -> Mixed
